cycle,avg_score,avg_energy,inactive_student
0,0,5,0
1,0.45,4.55,0
2,1.25,3.75,0
3,1.85,3.15,0
4,2.35,2.65,0
5,2.75,2.25,2
6,3.3,1.7,5
7,3.8,1.2,7
8,4.1,0.9,9
9,4.3,0.7,12
10,4.45,0.55,13
11,4.55,0.45,14
12,4.65,0.35,16
13,4.75,0.25,17
14,4.8,0.2,18
15,4.85,0.15,19
16,4.9,0.1,19
17,4.95,0.05,19
18,4.95,0.05,19
19,5,0,20
20,5,0,20
21,5,0,20
22,5,0,20
23,5,0,20
24,5,0,20
25,5,0,20
26,5,0,20
27,5,0,20
28,5,0,20
29,5,0,20
30,5,0,20
31,5,0,20
32,5,0,20
33,5,0,20
34,5,0,20
35,5,0,20
36,5,0,20
37,5,0,20
38,5,0,20
39,5,0,20
40,5,0,20
41,5,0,20
42,5,0,20
43,5,0,20
44,5,0,20
45,5,0,20
46,5,0,20
47,5,0,20
48,5,0,20
49,5,0,20
50,5,0,20
51,5,0,20
52,5,0,20
53,5,0,20
54,5,0,20
55,5,0,20
56,5,0,20
57,5,0,20
58,5,0,20
59,5,0,20
60,5,0,20
61,5,0,20
62,5,0,20
63,5,0,20
64,5,0,20
65,5,0,20
66,5,0,20
67,5,0,20
68,5,0,20
69,5,0,20
70,5,0,20
71,5,0,20
72,5,0,20
73,5,0,20
74,5,0,20
75,5,0,20
76,5,0,20
77,5,0,20
78,5,0,20
79,5,0,20
80,5,0,20
81,5,0,20
82,5,0,20
83,5,0,20
84,5,0,20
85,5,0,20
86,5,0,20
87,5,0,20
88,5,0,20
89,5,0,20
90,5,0,20
91,5,0,20
92,5,0,20
93,5,0,20
94,5,0,20
95,5,0,20
96,5,0,20
97,5,0,20
98,5,0,20
99,5,0,20
100,5,0,20
101,5,0,20
102,5,0,20
103,5,0,20
104,5,0,20
105,5,0,20
106,5,0,20
107,5,0,20
108,5,0,20
109,5,0,20
110,5,0,20
111,5,0,20
112,5,0,20
113,5,0,20
114,5,0,20
115,5,0,20
116,5,0,20
117,5,0,20
118,5,0,20
119,5,0,20
120,5,0,20
121,5,0,20
122,5,0,20
123,5,0,20
124,5,0,20
125,5,0,20
126,5,0,20
127,5,0,20
128,5,0,20
129,5,0,20
130,5,0,20
131,5,0,20
132,5,0,20
133,5,0,20
134,5,0,20
135,5,0,20
136,5,0,20
137,5,0,20
138,5,0,20
139,5,0,20
140,5,0,20
141,5,0,20
142,5,0,20
143,5,0,20
144,5,0,20
145,5,0,20
146,5,0,20
147,5,0,20
148,5,0,20
149,5,0,20
150,5,0,20
151,5,0,20
152,5,0,20
153,5,0,20
154,5,0,20
155,5,0,20
156,5,0,20
157,5,0,20
158,5,0,20
159,5,0,20
160,5,0,20
161,5,0,20
162,5,0,20
163,5,0,20
164,5,0,20
165,5,0,20
166,5,0,20
167,5,0,20
168,5,0,20
169,5,0,20
170,5,0,20
171,5,0,20
172,5,0,20
173,5,0,20
174,5,0,20
175,5,0,20
176,5,0,20
177,5,0,20
178,5,0,20
179,5,0,20
180,5,0,20
181,5,0,20
182,5,0,20
183,5,0,20
184,5,0,20
185,5,0,20
186,5,0,20
187,5,0,20
188,5,0,20
189,5,0,20
190,5,0,20
191,5,0,20
192,5,0,20
193,5,0,20
194,5,0,20
195,5,0,20
196,5,0,20
197,5,0,20
198,5,0,20
199,5,0,20
200,5,0,20
201,5,0,20
202,5,0,20
203,5,0,20
204,5,0,20
205,5,0,20
206,5,0,20
207,5,0,20
208,5,0,20
209,5,0,20
210,5,0,20
211,5,0,20
212,5,0,20
213,5,0,20
214,5,0,20
215,5,0,20
216,5,0,20
217,5,0,20
218,5,0,20
219,5,0,20
220,5,0,20
221,5,0,20
222,5,0,20
223,5,0,20
224,5,0,20
225,5,0,20
226,5,0,20
227,5,0,20
228,5,0,20
229,5,0,20
230,5,0,20
231,5,0,20
232,5,0,20
233,5,0,20
234,5,0,20
235,5,0,20
236,5,0,20
237,5,0,20
238,5,0,20
239,5,0,20
240,5,0,20
241,5,0,20
242,5,0,20
243,5,0,20
244,5,0,20
245,5,0,20
246,5,0,20
247,5,0,20
248,5,0,20
249,5,0,20
250,5,0,20
251,5,0,20
252,5,0,20
253,5,0,20
254,5,0,20
255,5,0,20
256,5,0,20
257,5,0,20
258,5,0,20
259,5,0,20
260,5,0,20
261,5,0,20
262,5,0,20
263,5,0,20
264,5,0,20
265,5,0,20
266,5,0,20
267,5,0,20
268,5,0,20
269,5,0,20
270,5,0,20
271,5,0,20
272,5,0,20
273,5,0,20
274,5,0,20
275,5,0,20
276,5,0,20
277,5,0,20
278,5,0,20
279,5,0,20
280,5,0,20
281,5,0,20
282,5,0,20
283,5,0,20
284,5,0,20
285,5,0,20
286,5,0,20
287,5,0,20
288,5,0,20
289,5,0,20
290,5,0,20
291,5,0,20
292,5,0,20
293,5,0,20
294,5,0,20
295,5,0,20
296,5,0,20
297,5,0,20
298,5,0,20
299,5,0,20
300,5,0,20
301,5,0,20
302,5,0,20
303,5,0,20
304,5,0,20
305,5,0,20
306,5,0,20
307,5,0,20
308,5,0,20
309,5,0,20
310,5,0,20
311,5,0,20
312,5,0,20
313,5,0,20
314,5,0,20
315,5,0,20
316,5,0,20
317,5,0,20
318,5,0,20
319,5,0,20
320,5,0,20
321,5,0,20
322,5,0,20
323,5,0,20
324,5,0,20
325,5,0,20
326,5,0,20
327,5,0,20
328,5,0,20
329,5,0,20
330,5,0,20
331,5,0,20
332,5,0,20
333,5,0,20
334,5,0,20
335,5,0,20
336,5,0,20
337,5,0,20
338,5,0,20
339,5,0,20
340,5,0,20
341,5,0,20
342,5,0,20
343,5,0,20
344,5,0,20
345,5,0,20
346,5,0,20
347,5,0,20
348,5,0,20
349,5,0,20
350,5,0,20
351,5,0,20
352,5,0,20
353,5,0,20
354,5,0,20
355,5,0,20
356,5,0,20
357,5,0,20
358,5,0,20
359,5,0,20
360,5,0,20
361,5,0,20
362,5,0,20
363,5,0,20
364,5,0,20
365,5,0,20
366,5,0,20
367,5,0,20
368,5,0,20
369,5,0,20
370,5,0,20
371,5,0,20
372,5,0,20
373,5,0,20
374,5,0,20
375,5,0,20
376,5,0,20
377,5,0,20
378,5,0,20
379,5,0,20
380,5,0,20
381,5,0,20
382,5,0,20
383,5,0,20
384,5,0,20
385,5,0,20
386,5,0,20
387,5,0,20
388,5,0,20
389,5,0,20
390,5,0,20
391,5,0,20
392,5,0,20
393,5,0,20
394,5,0,20
395,5,0,20
396,5,0,20
397,5,0,20
398,5,0,20
399,5,0,20
400,5,0,20
401,5,0,20
402,5,0,20
403,5,0,20
404,5,0,20
405,5,0,20
406,5,0,20
407,5,0,20
408,5,0,20
409,5,0,20
410,5,0,20
411,5,0,20
412,5,0,20
413,5,0,20
414,5,0,20
415,5,0,20
416,5,0,20
417,5,0,20
418,5,0,20
419,5,0,20
420,5,0,20
421,5,0,20
422,5,0,20
423,5,0,20
424,5,0,20
425,5,0,20
426,5,0,20
427,5,0,20
428,5,0,20
429,5,0,20
430,5,0,20
431,5,0,20
432,5,0,20
433,5,0,20
434,5,0,20
435,5,0,20
436,5,0,20
437,5,0,20
438,5,0,20
439,5,0,20
440,5,0,20
441,5,0,20
442,5,0,20
443,5,0,20
444,5,0,20
445,5,0,20
446,5,0,20
447,5,0,20
448,5,0,20
449,5,0,20
450,5,0,20
451,5,0,20
452,5,0,20
453,5,0,20
454,5,0,20
455,5,0,20
456,5,0,20
457,5,0,20
458,5,0,20
459,5,0,20
460,5,0,20
461,5,0,20
462,5,0,20
463,5,0,20
464,5,0,20
465,5,0,20
466,5,0,20
467,5,0,20
468,5,0,20
469,5,0,20
470,5,0,20
471,5,0,20
472,5,0,20
473,5,0,20
474,5,0,20
475,5,0,20
476,5,0,20
477,5,0,20
478,5,0,20
479,5,0,20
480,5,0,20
481,5,0,20
482,5,0,20
483,5,0,20
484,5,0,20
485,5,0,20
486,5,0,20
487,5,0,20
488,5,0,20
489,5,0,20
490,5,0,20
491,5,0,20
492,5,0,20
493,5,0,20
494,5,0,20
495,5,0,20
496,5,0,20
497,5,0,20
498,5,0,20
499,5,0,20
500,5,0,20
501,5,0,20
502,5,0,20
503,5,0,20
504,5,0,20
505,5,0,20
506,5,0,20
507,5,0,20
508,5,0,20
509,5,0,20
510,5,0,20
511,5,0,20
512,5,0,20
513,5,0,20
514,5,0,20
515,5,0,20
516,5,0,20
517,5,0,20
518,5,0,20
519,5,0,20
520,5,0,20
521,5,0,20
522,5,0,20
523,5,0,20
524,5,0,20
525,5,0,20
526,5,0,20
527,5,0,20
528,5,0,20
529,5,0,20
530,5,0,20
531,5,0,20
532,5,0,20
533,5,0,20
534,5,0,20
535,5,0,20
536,5,0,20
537,5,0,20
538,5,0,20
539,5,0,20
540,5,0,20
541,5,0,20
542,5,0,20
543,5,0,20
544,5,0,20
545,5,0,20
546,5,0,20
547,5,0,20
548,5,0,20
549,5,0,20
550,5,0,20
551,5,0,20
552,5,0,20
553,5,0,20
554,5,0,20
555,5,0,20
556,5,0,20
557,5,0,20
558,5,0,20
559,5,0,20
560,5,0,20
561,5,0,20
562,5,0,20
563,5,0,20
564,5,0,20
565,5,0,20
566,5,0,20
567,5,0,20
568,5,0,20
569,5,0,20
570,5,0,20
571,5,0,20
572,5,0,20
573,5,0,20
574,5,0,20
575,5,0,20
576,5,0,20
577,5,0,20
578,5,0,20
579,5,0,20
580,5,0,20
581,5,0,20
582,5,0,20
583,5,0,20
584,5,0,20
585,5,0,20
586,5,0,20
587,5,0,20
588,5,0,20
589,5,0,20
590,5,0,20
591,5,0,20
592,5,0,20
593,5,0,20
594,5,0,20
595,5,0,20
596,5,0,20
597,5,0,20
598,5,0,20
599,5,0,20
600,5,0,20
601,5,0,20
602,5,0,20
603,5,0,20
604,5,0,20
605,5,0,20
606,5,0,20
607,5,0,20
608,5,0,20
609,5,0,20
610,5,0,20
611,5,0,20
612,5,0,20
613,5,0,20
614,5,0,20
615,5,0,20
616,5,0,20
617,5,0,20
618,5,0,20
619,5,0,20
620,5,0,20
621,5,0,20
622,5,0,20
623,5,0,20
624,5,0,20
625,5,0,20
626,5,0,20
627,5,0,20
628,5,0,20
629,5,0,20
630,5,0,20
631,5,0,20
632,5,0,20
633,5,0,20
634,5,0,20
635,5,0,20
636,5,0,20
637,5,0,20
638,5,0,20
639,5,0,20
640,5,0,20
641,5,0,20
642,5,0,20
643,5,0,20
644,5,0,20
645,5,0,20
646,5,0,20
647,5,0,20
648,5,0,20
649,5,0,20
650,5,0,20
651,5,0,20
652,5,0,20
653,5,0,20
654,5,0,20
655,5,0,20
656,5,0,20
657,5,0,20
658,5,0,20
659,5,0,20
660,5,0,20
661,5,0,20
662,5,0,20
663,5,0,20
664,5,0,20
665,5,0,20
666,5,0,20
667,5,0,20
668,5,0,20
669,5,0,20
670,5,0,20
671,5,0,20
672,5,0,20
673,5,0,20
674,5,0,20
675,5,0,20
676,5,0,20
677,5,0,20
678,5,0,20
679,5,0,20
680,5,0,20
681,5,0,20
682,5,0,20
683,5,0,20
684,5,0,20
685,5,0,20
686,5,0,20
687,5,0,20
688,5,0,20
689,5,0,20
690,5,0,20
691,5,0,20
692,5,0,20
693,5,0,20
694,5,0,20
695,5,0,20
696,5,0,20
697,5,0,20
698,5,0,20
699,5,0,20
700,5,0,20
701,5,0,20
702,5,0,20
703,5,0,20
704,5,0,20
705,5,0,20
706,5,0,20
707,5,0,20
708,5,0,20
709,5,0,20
710,5,0,20
711,5,0,20
712,5,0,20
713,5,0,20
714,5,0,20
715,5,0,20
716,5,0,20
717,5,0,20
718,5,0,20
719,5,0,20
720,5,0,20
721,5,0,20
722,5,0,20
723,5,0,20
724,5,0,20
725,5,0,20
726,5,0,20
727,5,0,20
728,5,0,20
729,5,0,20
730,5,0,20
731,5,0,20
732,5,0,20
733,5,0,20
734,5,0,20
735,5,0,20
736,5,0,20
737,5,0,20
738,5,0,20
739,5,0,20
740,5,0,20
741,5,0,20
742,5,0,20
743,5,0,20
744,5,0,20
745,5,0,20
746,5,0,20
747,5,0,20
748,5,0,20
749,5,0,20
750,5,0,20
751,5,0,20
752,5,0,20
753,5,0,20
754,5,0,20
755,5,0,20
756,5,0,20
757,5,0,20
758,5,0,20
759,5,0,20
760,5,0,20
761,5,0,20
762,5,0,20
763,5,0,20
764,5,0,20
765,5,0,20
766,5,0,20
767,5,0,20
768,5,0,20
769,5,0,20
770,5,0,20
771,5,0,20
772,5,0,20
773,5,0,20
774,5,0,20
775,5,0,20
776,5,0,20
777,5,0,20
778,5,0,20
779,5,0,20
780,5,0,20
781,5,0,20
782,5,0,20
783,5,0,20
784,5,0,20
785,5,0,20
786,5,0,20
787,5,0,20
788,5,0,20
789,5,0,20
790,5,0,20
791,5,0,20
792,5,0,20
793,5,0,20
794,5,0,20
795,5,0,20
796,5,0,20
797,5,0,20
798,5,0,20
799,5,0,20
800,5,0,20
801,5,0,20
802,5,0,20
803,5,0,20
804,5,0,20
805,5,0,20
806,5,0,20
807,5,0,20
808,5,0,20
809,5,0,20
810,5,0,20
811,5,0,20
812,5,0,20
813,5,0,20
814,5,0,20
815,5,0,20
816,5,0,20
817,5,0,20
818,5,0,20
819,5,0,20
820,5,0,20
821,5,0,20
822,5,0,20
823,5,0,20
824,5,0,20
825,5,0,20
826,5,0,20
827,5,0,20
828,5,0,20
829,5,0,20
830,5,0,20
831,5,0,20
832,5,0,20
833,5,0,20
834,5,0,20
835,5,0,20
836,5,0,20
837,5,0,20
838,5,0,20
839,5,0,20
840,5,0,20
841,5,0,20
842,5,0,20
843,5,0,20
844,5,0,20
845,5,0,20
846,5,0,20
847,5,0,20
848,5,0,20
849,5,0,20
850,5,0,20
851,5,0,20
852,5,0,20
853,5,0,20
854,5,0,20
855,5,0,20
856,5,0,20
857,5,0,20
858,5,0,20
859,5,0,20
860,5,0,20
861,5,0,20
862,5,0,20
863,5,0,20
864,5,0,20
865,5,0,20
866,5,0,20
867,5,0,20
868,5,0,20
869,5,0,20
870,5,0,20
871,5,0,20
872,5,0,20
873,5,0,20
874,5,0,20
875,5,0,20
876,5,0,20
877,5,0,20
878,5,0,20
879,5,0,20
880,5,0,20
881,5,0,20
882,5,0,20
883,5,0,20
884,5,0,20
885,5,0,20
886,5,0,20
887,5,0,20
888,5,0,20
889,5,0,20
890,5,0,20
891,5,0,20
892,5,0,20
893,5,0,20
894,5,0,20
895,5,0,20
896,5,0,20
897,5,0,20
898,5,0,20
899,5,0,20
900,5,0,20
901,5,0,20
902,5,0,20
903,5,0,20
904,5,0,20
905,5,0,20
906,5,0,20
907,5,0,20
908,5,0,20
909,5,0,20
910,5,0,20
911,5,0,20
912,5,0,20
913,5,0,20
914,5,0,20
915,5,0,20
916,5,0,20
917,5,0,20
918,5,0,20
919,5,0,20
920,5,0,20
921,5,0,20
922,5,0,20
923,5,0,20
924,5,0,20
925,5,0,20
926,5,0,20
927,5,0,20
928,5,0,20
929,5,0,20
930,5,0,20
931,5,0,20
932,5,0,20
933,5,0,20
934,5,0,20
935,5,0,20
936,5,0,20
937,5,0,20
938,5,0,20
939,5,0,20
940,5,0,20
941,5,0,20
942,5,0,20
943,5,0,20
944,5,0,20
945,5,0,20
946,5,0,20
947,5,0,20
948,5,0,20
949,5,0,20
950,5,0,20
951,5,0,20
952,5,0,20
953,5,0,20
954,5,0,20
955,5,0,20
956,5,0,20
957,5,0,20
958,5,0,20
959,5,0,20
960,5,0,20
961,5,0,20
962,5,0,20
963,5,0,20
964,5,0,20
965,5,0,20
966,5,0,20
967,5,0,20
968,5,0,20
969,5,0,20
970,5,0,20
971,5,0,20
972,5,0,20
973,5,0,20
974,5,0,20
975,5,0,20
976,5,0,20
977,5,0,20
978,5,0,20
979,5,0,20
980,5,0,20
981,5,0,20
982,5,0,20
983,5,0,20
984,5,0,20
985,5,0,20
986,5,0,20
987,5,0,20
988,5,0,20
989,5,0,20
990,5,0,20
991,5,0,20
992,5,0,20
993,5,0,20
994,5,0,20
995,5,0,20
996,5,0,20
997,5,0,20
998,5,0,20
999,5,0,20
1000,5,0,20
1001,5,0,20
1002,5,0,20
1003,5,0,20
1004,5,0,20
1005,5,0,20
1006,5,0,20
1007,5,0,20
1008,5,0,20
1009,5,0,20
1010,5,0,20
1011,5,0,20
1012,5,0,20
1013,5,0,20
1014,5,0,20
1015,5,0,20
1016,5,0,20
1017,5,0,20
1018,5,0,20
1019,5,0,20
1020,5,0,20
1021,5,0,20
1022,5,0,20
1023,5,0,20
1024,5,0,20
1025,5,0,20
1026,5,0,20
1027,5,0,20
1028,5,0,20
1029,5,0,20
1030,5,0,20
1031,5,0,20
1032,5,0,20
1033,5,0,20
1034,5,0,20
1035,5,0,20
1036,5,0,20
1037,5,0,20
1038,5,0,20
1039,5,0,20
1040,5,0,20
1041,5,0,20
1042,5,0,20
1043,5,0,20
1044,5,0,20
1045,5,0,20
1046,5,0,20
1047,5,0,20
1048,5,0,20
1049,5,0,20
1050,5,0,20
1051,5,0,20
1052,5,0,20
1053,5,0,20
1054,5,0,20
1055,5,0,20
1056,5,0,20
1057,5,0,20
1058,5,0,20
1059,5,0,20
1060,5,0,20
1061,5,0,20
1062,5,0,20
1063,5,0,20
1064,5,0,20
1065,5,0,20
1066,5,0,20
1067,5,0,20
1068,5,0,20
1069,5,0,20
1070,5,0,20
1071,5,0,20
1072,5,0,20
1073,5,0,20
1074,5,0,20
1075,5,0,20
1076,5,0,20
1077,5,0,20
1078,5,0,20
1079,5,0,20
1080,5,0,20
1081,5,0,20
1082,5,0,20
1083,5,0,20
1084,5,0,20
1085,5,0,20
1086,5,0,20
1087,5,0,20
1088,5,0,20
1089,5,0,20
1090,5,0,20
1091,5,0,20
1092,5,0,20
1093,5,0,20
1094,5,0,20
1095,5,0,20
1096,5,0,20
1097,5,0,20
1098,5,0,20
1099,5,0,20
1100,5,0,20
1101,5,0,20
1102,5,0,20
1103,5,0,20
1104,5,0,20
1105,5,0,20
1106,5,0,20
1107,5,0,20
1108,5,0,20
1109,5,0,20
1110,5,0,20
1111,5,0,20
1112,5,0,20
1113,5,0,20
1114,5,0,20
1115,5,0,20
1116,5,0,20
1117,5,0,20
1118,5,0,20
1119,5,0,20
1120,5,0,20
1121,5,0,20
1122,5,0,20
1123,5,0,20
1124,5,0,20
1125,5,0,20
1126,5,0,20
1127,5,0,20
1128,5,0,20
1129,5,0,20
1130,5,0,20
1131,5,0,20
1132,5,0,20
1133,5,0,20
1134,5,0,20
1135,5,0,20
1136,5,0,20
1137,5,0,20
1138,5,0,20
1139,5,0,20
1140,5,0,20
1141,5,0,20
1142,5,0,20
1143,5,0,20
1144,5,0,20
1145,5,0,20
1146,5,0,20
1147,5,0,20
1148,5,0,20
1149,5,0,20
1150,5,0,20
1151,5,0,20
1152,5,0,20
1153,5,0,20
1154,5,0,20
1155,5,0,20
1156,5,0,20
1157,5,0,20
1158,5,0,20
1159,5,0,20
1160,5,0,20
1161,5,0,20
1162,5,0,20
1163,5,0,20
1164,5,0,20
1165,5,0,20
1166,5,0,20
1167,5,0,20
1168,5,0,20
1169,5,0,20
1170,5,0,20
1171,5,0,20
1172,5,0,20
1173,5,0,20
1174,5,0,20
1175,5,0,20
1176,5,0,20
1177,5,0,20
1178,5,0,20
1179,5,0,20
1180,5,0,20
1181,5,0,20
1182,5,0,20
1183,5,0,20
1184,5,0,20
1185,5,0,20
1186,5,0,20
1187,5,0,20
1188,5,0,20
1189,5,0,20
1190,5,0,20
1191,5,0,20
1192,5,0,20
1193,5,0,20
1194,5,0,20
1195,5,0,20
1196,5,0,20
1197,5,0,20
1198,5,0,20
1199,5,0,20
1200,5,0,20
1201,5,0,20
1202,5,0,20
1203,5,0,20
1204,5,0,20
1205,5,0,20
1206,5,0,20
1207,5,0,20
1208,5,0,20
1209,5,0,20
1210,5,0,20
1211,5,0,20
1212,5,0,20
1213,5,0,20
1214,5,0,20
1215,5,0,20
1216,5,0,20
1217,5,0,20
1218,5,0,20
1219,5,0,20
1220,5,0,20
1221,5,0,20
1222,5,0,20
1223,5,0,20
1224,5,0,20
1225,5,0,20
1226,5,0,20
1227,5,0,20
1228,5,0,20
1229,5,0,20
1230,5,0,20
1231,5,0,20
1232,5,0,20
1233,5,0,20
1234,5,0,20
1235,5,0,20
1236,5,0,20
1237,5,0,20
1238,5,0,20
1239,5,0,20
1240,5,0,20
1241,5,0,20
1242,5,0,20
1243,5,0,20
1244,5,0,20
1245,5,0,20
1246,5,0,20
1247,5,0,20
1248,5,0,20
1249,5,0,20
1250,5,0,20
1251,5,0,20
1252,5,0,20
1253,5,0,20
1254,5,0,20
1255,5,0,20
1256,5,0,20
1257,5,0,20
1258,5,0,20
1259,5,0,20
1260,5,0,20
1261,5,0,20
1262,5,0,20
1263,5,0,20
1264,5,0,20
1265,5,0,20
1266,5,0,20
1267,5,0,20
1268,5,0,20
1269,5,0,20
1270,5,0,20
1271,5,0,20
1272,5,0,20
1273,5,0,20
1274,5,0,20
1275,5,0,20
1276,5,0,20
1277,5,0,20
1278,5,0,20
1279,5,0,20
1280,5,0,20
1281,5,0,20
1282,5,0,20
1283,5,0,20
1284,5,0,20
1285,5,0,20
1286,5,0,20
1287,5,0,20
1288,5,0,20
1289,5,0,20
1290,5,0,20
1291,5,0,20
1292,5,0,20
1293,5,0,20
1294,5,0,20
1295,5,0,20
1296,5,0,20
1297,5,0,20
1298,5,0,20
1299,5,0,20
1300,5,0,20
1301,5,0,20
1302,5,0,20
1303,5,0,20
1304,5,0,20
1305,5,0,20
1306,5,0,20
1307,5,0,20
1308,5,0,20
1309,5,0,20
1310,5,0,20
1311,5,0,20
1312,5,0,20
1313,5,0,20
1314,5,0,20
1315,5,0,20
1316,5,0,20
1317,5,0,20
1318,5,0,20
1319,5,0,20
1320,5,0,20
1321,5,0,20
1322,5,0,20
1323,5,0,20
1324,5,0,20
1325,5,0,20
1326,5,0,20
1327,5,0,20
1328,5,0,20
1329,5,0,20
1330,5,0,20
1331,5,0,20
1332,5,0,20
1333,5,0,20
1334,5,0,20
1335,5,0,20
1336,5,0,20
1337,5,0,20
1338,5,0,20
1339,5,0,20
1340,5,0,20
1341,5,0,20
1342,5,0,20
1343,5,0,20
1344,5,0,20
1345,5,0,20
1346,5,0,20
1347,5,0,20
1348,5,0,20
1349,5,0,20
1350,5,0,20
1351,5,0,20
1352,5,0,20
1353,5,0,20
1354,5,0,20
1355,5,0,20
1356,5,0,20
1357,5,0,20
1358,5,0,20
1359,5,0,20
1360,5,0,20
1361,5,0,20
1362,5,0,20
1363,5,0,20
1364,5,0,20
1365,5,0,20
1366,5,0,20
1367,5,0,20
1368,5,0,20
1369,5,0,20
1370,5,0,20
1371,5,0,20
1372,5,0,20
1373,5,0,20
1374,5,0,20
1375,5,0,20
1376,5,0,20
1377,5,0,20
1378,5,0,20
1379,5,0,20
1380,5,0,20
1381,5,0,20
1382,5,0,20
1383,5,0,20
1384,5,0,20
1385,5,0,20
1386,5,0,20
1387,5,0,20
1388,5,0,20
1389,5,0,20
1390,5,0,20
1391,5,0,20
1392,5,0,20
1393,5,0,20
1394,5,0,20
1395,5,0,20
1396,5,0,20
1397,5,0,20
1398,5,0,20
1399,5,0,20
1400,5,0,20
1401,5,0,20
1402,5,0,20
1403,5,0,20
1404,5,0,20
1405,5,0,20
1406,5,0,20
1407,5,0,20
1408,5,0,20
1409,5,0,20
1410,5,0,20
1411,5,0,20
1412,5,0,20
1413,5,0,20
1414,5,0,20
1415,5,0,20
1416,5,0,20
1417,5,0,20
1418,5,0,20
1419,5,0,20
1420,5,0,20
1421,5,0,20
1422,5,0,20
1423,5,0,20
1424,5,0,20
1425,5,0,20
1426,5,0,20
1427,5,0,20
1428,5,0,20
1429,5,0,20
1430,5,0,20
1431,5,0,20
1432,5,0,20
1433,5,0,20
1434,5,0,20
1435,5,0,20
1436,5,0,20
1437,5,0,20
1438,5,0,20
1439,5,0,20
1440,5,0,20
1441,5,0,20
1442,5,0,20
1443,5,0,20
1444,5,0,20
1445,5,0,20
1446,5,0,20
1447,5,0,20
1448,5,0,20
1449,5,0,20
1450,5,0,20
1451,5,0,20
1452,5,0,20
1453,5,0,20
1454,5,0,20
1455,5,0,20
1456,5,0,20
1457,5,0,20
1458,5,0,20
1459,5,0,20
1460,5,0,20
1461,5,0,20
1462,5,0,20
1463,5,0,20
1464,5,0,20
1465,5,0,20
1466,5,0,20
1467,5,0,20
1468,5,0,20
1469,5,0,20
1470,5,0,20
1471,5,0,20
1472,5,0,20
1473,5,0,20
1474,5,0,20
1475,5,0,20
1476,5,0,20
1477,5,0,20
1478,5,0,20
1479,5,0,20
1480,5,0,20
1481,5,0,20
1482,5,0,20
1483,5,0,20
1484,5,0,20
1485,5,0,20
1486,5,0,20
1487,5,0,20
1488,5,0,20
1489,5,0,20
1490,5,0,20
1491,5,0,20
1492,5,0,20
1493,5,0,20
1494,5,0,20
1495,5,0,20
1496,5,0,20
1497,5,0,20
1498,5,0,20
1499,5,0,20
1500,5,0,20
1501,5,0,20
1502,5,0,20
1503,5,0,20
1504,5,0,20
1505,5,0,20
1506,5,0,20
1507,5,0,20
1508,5,0,20
1509,5,0,20
1510,5,0,20
1511,5,0,20
1512,5,0,20
1513,5,0,20
1514,5,0,20
1515,5,0,20
1516,5,0,20
1517,5,0,20
1518,5,0,20
1519,5,0,20
1520,5,0,20
1521,5,0,20
1522,5,0,20
1523,5,0,20
1524,5,0,20
1525,5,0,20
1526,5,0,20
1527,5,0,20
1528,5,0,20
1529,5,0,20
1530,5,0,20
1531,5,0,20
1532,5,0,20
1533,5,0,20
1534,5,0,20
1535,5,0,20
1536,5,0,20
1537,5,0,20
1538,5,0,20
1539,5,0,20
1540,5,0,20
1541,5,0,20
1542,5,0,20
1543,5,0,20
1544,5,0,20
1545,5,0,20
1546,5,0,20
1547,5,0,20
1548,5,0,20
1549,5,0,20
1550,5,0,20
1551,5,0,20
1552,5,0,20
1553,5,0,20
1554,5,0,20
1555,5,0,20
1556,5,0,20
1557,5,0,20
1558,5,0,20
1559,5,0,20
1560,5,0,20
1561,5,0,20
1562,5,0,20
1563,5,0,20
1564,5,0,20
1565,5,0,20
1566,5,0,20
1567,5,0,20
1568,5,0,20
1569,5,0,20
1570,5,0,20
1571,5,0,20
1572,5,0,20
1573,5,0,20
1574,5,0,20
1575,5,0,20
1576,5,0,20
1577,5,0,20
1578,5,0,20
1579,5,0,20
1580,5,0,20
1581,5,0,20
1582,5,0,20
1583,5,0,20
1584,5,0,20
1585,5,0,20
1586,5,0,20
1587,5,0,20
1588,5,0,20
1589,5,0,20
1590,5,0,20
1591,5,0,20
1592,5,0,20
1593,5,0,20
1594,5,0,20
1595,5,0,20
1596,5,0,20
1597,5,0,20
1598,5,0,20
1599,5,0,20
1600,5,0,20
1601,5,0,20
1602,5,0,20
1603,5,0,20
1604,5,0,20
1605,5,0,20
1606,5,0,20
1607,5,0,20
1608,5,0,20
1609,5,0,20
1610,5,0,20
1611,5,0,20
1612,5,0,20
1613,5,0,20
1614,5,0,20
1615,5,0,20
1616,5,0,20
1617,5,0,20
1618,5,0,20
1619,5,0,20
1620,5,0,20
1621,5,0,20
1622,5,0,20
1623,5,0,20
1624,5,0,20
1625,5,0,20
1626,5,0,20
1627,5,0,20
1628,5,0,20
1629,5,0,20
1630,5,0,20
1631,5,0,20
1632,5,0,20
1633,5,0,20
1634,5,0,20
1635,5,0,20
1636,5,0,20
1637,5,0,20
1638,5,0,20
1639,5,0,20
1640,5,0,20
1641,5,0,20
1642,5,0,20
1643,5,0,20
1644,5,0,20
1645,5,0,20
1646,5,0,20
1647,5,0,20
1648,5,0,20
1649,5,0,20
1650,5,0,20
1651,5,0,20
1652,5,0,20
1653,5,0,20
1654,5,0,20
1655,5,0,20
1656,5,0,20
1657,5,0,20
1658,5,0,20
1659,5,0,20
1660,5,0,20
1661,5,0,20
1662,5,0,20
1663,5,0,20
1664,5,0,20
1665,5,0,20
1666,5,0,20
1667,5,0,20
1668,5,0,20
1669,5,0,20
1670,5,0,20
1671,5,0,20
1672,5,0,20
1673,5,0,20
1674,5,0,20
1675,5,0,20
1676,5,0,20
1677,5,0,20
1678,5,0,20
1679,5,0,20
1680,5,0,20
1681,5,0,20
1682,5,0,20
1683,5,0,20
1684,5,0,20
1685,5,0,20
1686,5,0,20
1687,5,0,20
1688,5,0,20
1689,5,0,20
1690,5,0,20
1691,5,0,20
1692,5,0,20
1693,5,0,20
1694,5,0,20
1695,5,0,20
1696,5,0,20
1697,5,0,20
1698,5,0,20
1699,5,0,20
1700,5,0,20
1701,5,0,20
1702,5,0,20
1703,5,0,20
1704,5,0,20
1705,5,0,20
1706,5,0,20
1707,5,0,20
1708,5,0,20
1709,5,0,20
1710,5,0,20
1711,5,0,20
1712,5,0,20
1713,5,0,20
1714,5,0,20
1715,5,0,20
1716,5,0,20
1717,5,0,20
1718,5,0,20
1719,5,0,20
1720,5,0,20
1721,5,0,20
1722,5,0,20
1723,5,0,20
1724,5,0,20
1725,5,0,20
1726,5,0,20
1727,5,0,20
1728,5,0,20
1729,5,0,20
1730,5,0,20
1731,5,0,20
1732,5,0,20
1733,5,0,20
1734,5,0,20
1735,5,0,20
1736,5,0,20
1737,5,0,20
1738,5,0,20
1739,5,0,20
1740,5,0,20
1741,5,0,20
1742,5,0,20
1743,5,0,20
1744,5,0,20
1745,5,0,20
1746,5,0,20
1747,5,0,20
1748,5,0,20
1749,5,0,20
1750,5,0,20
1751,5,0,20
1752,5,0,20
1753,5,0,20
1754,5,0,20
1755,5,0,20
1756,5,0,20
1757,5,0,20
1758,5,0,20
1759,5,0,20
1760,5,0,20
1761,5,0,20
1762,5,0,20
1763,5,0,20
1764,5,0,20
1765,5,0,20
1766,5,0,20
1767,5,0,20
1768,5,0,20
1769,5,0,20
1770,5,0,20
1771,5,0,20
1772,5,0,20
1773,5,0,20
1774,5,0,20
1775,5,0,20
1776,5,0,20
1777,5,0,20
1778,5,0,20
1779,5,0,20
1780,5,0,20
1781,5,0,20
1782,5,0,20
1783,5,0,20
1784,5,0,20
1785,5,0,20
1786,5,0,20
1787,5,0,20
1788,5,0,20
1789,5,0,20
1790,5,0,20
1791,5,0,20
1792,5,0,20
1793,5,0,20
1794,5,0,20
1795,5,0,20
1796,5,0,20
1797,5,0,20
1798,5,0,20
1799,5,0,20
1800,5,0,20
1801,5,0,20
1802,5,0,20
1803,5,0,20
1804,5,0,20
1805,5,0,20
1806,5,0,20
1807,5,0,20
1808,5,0,20
1809,5,0,20
1810,5,0,20
1811,5,0,20
1812,5,0,20
1813,5,0,20
1814,5,0,20
1815,5,0,20
1816,5,0,20
1817,5,0,20
1818,5,0,20
1819,5,0,20
1820,5,0,20
1821,5,0,20
1822,5,0,20
1823,5,0,20
1824,5,0,20
1825,5,0,20
1826,5,0,20
1827,5,0,20
1828,5,0,20
1829,5,0,20
1830,5,0,20
1831,5,0,20
1832,5,0,20
1833,5,0,20
1834,5,0,20
1835,5,0,20
1836,5,0,20
1837,5,0,20
1838,5,0,20
1839,5,0,20
1840,5,0,20
1841,5,0,20
1842,5,0,20
1843,5,0,20
1844,5,0,20
1845,5,0,20
1846,5,0,20
1847,5,0,20
1848,5,0,20
1849,5,0,20
1850,5,0,20
1851,5,0,20
1852,5,0,20
1853,5,0,20
1854,5,0,20
1855,5,0,20
1856,5,0,20
1857,5,0,20
1858,5,0,20
1859,5,0,20
1860,5,0,20
1861,5,0,20
1862,5,0,20
1863,5,0,20
1864,5,0,20
1865,5,0,20
1866,5,0,20
1867,5,0,20
1868,5,0,20
1869,5,0,20
1870,5,0,20
1871,5,0,20
1872,5,0,20
1873,5,0,20
1874,5,0,20
1875,5,0,20
1876,5,0,20
1877,5,0,20
1878,5,0,20
1879,5,0,20
1880,5,0,20
1881,5,0,20
1882,5,0,20
1883,5,0,20
1884,5,0,20
1885,5,0,20
1886,5,0,20
1887,5,0,20
1888,5,0,20
1889,5,0,20
1890,5,0,20
1891,5,0,20
1892,5,0,20
1893,5,0,20
1894,5,0,20
1895,5,0,20
1896,5,0,20
1897,5,0,20
1898,5,0,20
1899,5,0,20
1900,5,0,20
1901,5,0,20
1902,5,0,20
1903,5,0,20
1904,5,0,20
1905,5,0,20
1906,5,0,20
1907,5,0,20
1908,5,0,20
1909,5,0,20
1910,5,0,20
1911,5,0,20
1912,5,0,20
1913,5,0,20
1914,5,0,20
1915,5,0,20
1916,5,0,20
1917,5,0,20
1918,5,0,20
1919,5,0,20
1920,5,0,20
1921,5,0,20
1922,5,0,20
1923,5,0,20
1924,5,0,20
1925,5,0,20
1926,5,0,20
1927,5,0,20
1928,5,0,20
1929,5,0,20
1930,5,0,20
1931,5,0,20
1932,5,0,20
1933,5,0,20
1934,5,0,20
1935,5,0,20
1936,5,0,20
1937,5,0,20
1938,5,0,20
1939,5,0,20
1940,5,0,20
1941,5,0,20
1942,5,0,20
1943,5,0,20
1944,5,0,20
1945,5,0,20
1946,5,0,20
1947,5,0,20
1948,5,0,20
1949,5,0,20
1950,5,0,20
1951,5,0,20
1952,5,0,20
1953,5,0,20
1954,5,0,20
1955,5,0,20
1956,5,0,20
1957,5,0,20
1958,5,0,20
1959,5,0,20
1960,5,0,20
1961,5,0,20
1962,5,0,20
1963,5,0,20
1964,5,0,20
1965,5,0,20
1966,5,0,20
1967,5,0,20
1968,5,0,20
1969,5,0,20
1970,5,0,20
1971,5,0,20
1972,5,0,20
1973,5,0,20
1974,5,0,20
1975,5,0,20
1976,5,0,20
1977,5,0,20
1978,5,0,20
1979,5,0,20
1980,5,0,20
1981,5,0,20
1982,5,0,20
1983,5,0,20
1984,5,0,20
1985,5,0,20
1986,5,0,20
1987,5,0,20
1988,5,0,20
1989,5,0,20
1990,5,0,20
1991,5,0,20
1992,5,0,20
1993,5,0,20
1994,5,0,20
1995,5,0,20
1996,5,0,20
1997,5,0,20
1998,5,0,20
1999,5,0,20
2000,5,0,20
2001,5,0,20
2002,5,0,20
2003,5,0,20
2004,5,0,20
2005,5,0,20
2006,5,0,20
2007,5,0,20
2008,5,0,20
2009,5,0,20
2010,5,0,20
2011,5,0,20
2012,5,0,20
2013,5,0,20
2014,5,0,20
2015,5,0,20
2016,5,0,20
2017,5,0,20
2018,5,0,20
2019,5,0,20
2020,5,0,20
2021,5,0,20
2022,5,0,20
2023,5,0,20
2024,5,0,20
2025,5,0,20
2026,5,0,20
2027,5,0,20
2028,5,0,20
2029,5,0,20
2030,5,0,20
2031,5,0,20
2032,5,0,20
2033,5,0,20
2034,5,0,20
2035,5,0,20
2036,5,0,20
2037,5,0,20
2038,5,0,20
2039,5,0,20
2040,5,0,20
2041,5,0,20
2042,5,0,20
2043,5,0,20
2044,5,0,20
2045,5,0,20
2046,5,0,20
2047,5,0,20
2048,5,0,20
2049,5,0,20
2050,5,0,20
2051,5,0,20
2052,5,0,20
2053,5,0,20
2054,5,0,20
2055,5,0,20
2056,5,0,20
2057,5,0,20
2058,5,0,20
2059,5,0,20
2060,5,0,20
2061,5,0,20
2062,5,0,20
2063,5,0,20
2064,5,0,20
2065,5,0,20
2066,5,0,20
2067,5,0,20
2068,5,0,20
2069,5,0,20
2070,5,0,20
2071,5,0,20
2072,5,0,20
2073,5,0,20
2074,5,0,20
2075,5,0,20
2076,5,0,20
2077,5,0,20
2078,5,0,20
2079,5,0,20
2080,5,0,20
2081,5,0,20
2082,5,0,20
2083,5,0,20
2084,5,0,20
2085,5,0,20
2086,5,0,20
2087,5,0,20
2088,5,0,20
2089,5,0,20
2090,5,0,20
2091,5,0,20
2092,5,0,20
2093,5,0,20
2094,5,0,20
2095,5,0,20
2096,5,0,20
2097,5,0,20
2098,5,0,20
2099,5,0,20
2100,5,0,20
2101,5,0,20
2102,5,0,20
2103,5,0,20
2104,5,0,20
2105,5,0,20
2106,5,0,20
2107,5,0,20
2108,5,0,20
2109,5,0,20
2110,5,0,20
2111,5,0,20
2112,5,0,20
2113,5,0,20
2114,5,0,20
2115,5,0,20
2116,5,0,20
2117,5,0,20
2118,5,0,20
2119,5,0,20
2120,5,0,20
2121,5,0,20
2122,5,0,20
2123,5,0,20
2124,5,0,20
2125,5,0,20
2126,5,0,20
2127,5,0,20
2128,5,0,20
2129,5,0,20
2130,5,0,20
2131,5,0,20
2132,5,0,20
2133,5,0,20
2134,5,0,20
2135,5,0,20
2136,5,0,20
2137,5,0,20
2138,5,0,20
2139,5,0,20
2140,5,0,20
2141,5,0,20
2142,5,0,20
2143,5,0,20
2144,5,0,20
2145,5,0,20
2146,5,0,20
2147,5,0,20
2148,5,0,20
2149,5,0,20
2150,5,0,20
2151,5,0,20
2152,5,0,20
2153,5,0,20
2154,5,0,20
2155,5,0,20
2156,5,0,20
2157,5,0,20
2158,5,0,20
2159,5,0,20
2160,5,0,20
2161,5,0,20
2162,5,0,20
2163,5,0,20
2164,5,0,20
2165,5,0,20
2166,5,0,20
2167,5,0,20
2168,5,0,20
2169,5,0,20
2170,5,0,20
2171,5,0,20
2172,5,0,20
2173,5,0,20
2174,5,0,20
2175,5,0,20
2176,5,0,20
2177,5,0,20
2178,5,0,20
2179,5,0,20
2180,5,0,20
2181,5,0,20
2182,5,0,20
2183,5,0,20
2184,5,0,20
2185,5,0,20
2186,5,0,20
2187,5,0,20
2188,5,0,20
2189,5,0,20
2190,5,0,20
2191,5,0,20
2192,5,0,20
2193,5,0,20
2194,5,0,20
2195,5,0,20
2196,5,0,20
2197,5,0,20
2198,5,0,20
2199,5,0,20
2200,5,0,20
2201,5,0,20
2202,5,0,20
2203,5,0,20
2204,5,0,20
2205,5,0,20
2206,5,0,20
2207,5,0,20
2208,5,0,20
2209,5,0,20
2210,5,0,20
2211,5,0,20
2212,5,0,20
2213,5,0,20
2214,5,0,20
2215,5,0,20
2216,5,0,20
2217,5,0,20
2218,5,0,20
2219,5,0,20
2220,5,0,20
2221,5,0,20
2222,5,0,20
2223,5,0,20
2224,5,0,20
2225,5,0,20
2226,5,0,20
2227,5,0,20
2228,5,0,20
2229,5,0,20
2230,5,0,20
2231,5,0,20
2232,5,0,20
2233,5,0,20
2234,5,0,20
2235,5,0,20
2236,5,0,20
2237,5,0,20
2238,5,0,20
2239,5,0,20
2240,5,0,20
2241,5,0,20
2242,5,0,20
2243,5,0,20
2244,5,0,20
2245,5,0,20
2246,5,0,20
2247,5,0,20
2248,5,0,20
2249,5,0,20
2250,5,0,20
2251,5,0,20
2252,5,0,20
2253,5,0,20
2254,5,0,20
2255,5,0,20
2256,5,0,20
2257,5,0,20
2258,5,0,20
2259,5,0,20
2260,5,0,20
2261,5,0,20
2262,5,0,20
2263,5,0,20
2264,5,0,20
2265,5,0,20
2266,5,0,20
2267,5,0,20
2268,5,0,20
2269,5,0,20
2270,5,0,20
2271,5,0,20
2272,5,0,20
2273,5,0,20
2274,5,0,20
2275,5,0,20
2276,5,0,20
2277,5,0,20
2278,5,0,20
2279,5,0,20
2280,5,0,20
2281,5,0,20
2282,5,0,20
2283,5,0,20
2284,5,0,20
2285,5,0,20
2286,5,0,20
2287,5,0,20
2288,5,0,20
2289,5,0,20
2290,5,0,20
2291,5,0,20
2292,5,0,20
2293,5,0,20
2294,5,0,20
2295,5,0,20
2296,5,0,20
2297,5,0,20
2298,5,0,20
2299,5,0,20
2300,5,0,20
2301,5,0,20
2302,5,0,20
2303,5,0,20
2304,5,0,20
2305,5,0,20
2306,5,0,20
2307,5,0,20
2308,5,0,20
2309,5,0,20
2310,5,0,20
2311,5,0,20
2312,5,0,20
2313,5,0,20
2314,5,0,20
2315,5,0,20
2316,5,0,20
2317,5,0,20
2318,5,0,20
2319,5,0,20
2320,5,0,20
2321,5,0,20
2322,5,0,20
2323,5,0,20
2324,5,0,20
2325,5,0,20
2326,5,0,20
2327,5,0,20
2328,5,0,20
2329,5,0,20
2330,5,0,20
2331,5,0,20
2332,5,0,20
2333,5,0,20
2334,5,0,20
2335,5,0,20
2336,5,0,20
2337,5,0,20
2338,5,0,20
2339,5,0,20
2340,5,0,20
2341,5,0,20
2342,5,0,20
2343,5,0,20
2344,5,0,20
2345,5,0,20
2346,5,0,20
2347,5,0,20
2348,5,0,20
2349,5,0,20
2350,5,0,20
2351,5,0,20
2352,5,0,20
2353,5,0,20
2354,5,0,20
2355,5,0,20
2356,5,0,20
2357,5,0,20
2358,5,0,20
2359,5,0,20
2360,5,0,20
2361,5,0,20
2362,5,0,20
2363,5,0,20
2364,5,0,20
2365,5,0,20
2366,5,0,20
2367,5,0,20
2368,5,0,20
2369,5,0,20
2370,5,0,20
2371,5,0,20
2372,5,0,20
2373,5,0,20
2374,5,0,20
2375,5,0,20
2376,5,0,20
2377,5,0,20
2378,5,0,20
2379,5,0,20
2380,5,0,20
2381,5,0,20
2382,5,0,20
2383,5,0,20
2384,5,0,20
2385,5,0,20
2386,5,0,20
2387,5,0,20
2388,5,0,20
2389,5,0,20
2390,5,0,20
2391,5,0,20
2392,5,0,20
2393,5,0,20
2394,5,0,20
2395,5,0,20
2396,5,0,20
2397,5,0,20
2398,5,0,20
2399,5,0,20
2400,5,0,20
2401,5,0,20
2402,5,0,20
2403,5,0,20
2404,5,0,20
2405,5,0,20
2406,5,0,20
2407,5,0,20
2408,5,0,20
2409,5,0,20
2410,5,0,20
2411,5,0,20
2412,5,0,20
2413,5,0,20
2414,5,0,20
2415,5,0,20
2416,5,0,20
2417,5,0,20
2418,5,0,20
2419,5,0,20
2420,5,0,20
2421,5,0,20
2422,5,0,20
2423,5,0,20
2424,5,0,20
2425,5,0,20
2426,5,0,20
2427,5,0,20
2428,5,0,20
2429,5,0,20
2430,5,0,20
2431,5,0,20
2432,5,0,20
2433,5,0,20
2434,5,0,20
2435,5,0,20
2436,5,0,20
2437,5,0,20
2438,5,0,20
2439,5,0,20
2440,5,0,20
2441,5,0,20
2442,5,0,20
2443,5,0,20
2444,5,0,20
2445,5,0,20
2446,5,0,20
2447,5,0,20
2448,5,0,20
2449,5,0,20
2450,5,0,20
2451,5,0,20
2452,5,0,20
2453,5,0,20
2454,5,0,20
2455,5,0,20
2456,5,0,20
2457,5,0,20
2458,5,0,20
2459,5,0,20
2460,5,0,20
2461,5,0,20
2462,5,0,20
2463,5,0,20
2464,5,0,20
2465,5,0,20
2466,5,0,20
2467,5,0,20
2468,5,0,20
2469,5,0,20
2470,5,0,20
2471,5,0,20
2472,5,0,20
2473,5,0,20
2474,5,0,20
2475,5,0,20
2476,5,0,20
2477,5,0,20
2478,5,0,20
2479,5,0,20
2480,5,0,20
2481,5,0,20
2482,5,0,20
2483,5,0,20
2484,5,0,20
2485,5,0,20
2486,5,0,20
2487,5,0,20
2488,5,0,20
2489,5,0,20
2490,5,0,20
2491,5,0,20
2492,5,0,20
2493,5,0,20
2494,5,0,20
2495,5,0,20
2496,5,0,20
2497,5,0,20
2498,5,0,20
2499,5,0,20
2500,5,0,20
2501,5,0,20
2502,5,0,20
2503,5,0,20
2504,5,0,20
2505,5,0,20
2506,5,0,20
2507,5,0,20
2508,5,0,20
2509,5,0,20
2510,5,0,20
2511,5,0,20
2512,5,0,20
2513,5,0,20
2514,5,0,20
2515,5,0,20
2516,5,0,20
2517,5,0,20
2518,5,0,20
2519,5,0,20
2520,5,0,20
2521,5,0,20
2522,5,0,20
2523,5,0,20
2524,5,0,20
2525,5,0,20
2526,5,0,20
2527,5,0,20
2528,5,0,20
2529,5,0,20
2530,5,0,20
2531,5,0,20
2532,5,0,20
2533,5,0,20
2534,5,0,20
2535,5,0,20
2536,5,0,20
2537,5,0,20
2538,5,0,20
2539,5,0,20
2540,5,0,20
2541,5,0,20
2542,5,0,20
2543,5,0,20
2544,5,0,20
2545,5,0,20
2546,5,0,20
2547,5,0,20
2548,5,0,20
2549,5,0,20
2550,5,0,20
2551,5,0,20
2552,5,0,20
2553,5,0,20
2554,5,0,20
2555,5,0,20
2556,5,0,20
2557,5,0,20
2558,5,0,20
2559,5,0,20
2560,5,0,20
2561,5,0,20
2562,5,0,20
2563,5,0,20
2564,5,0,20
2565,5,0,20
2566,5,0,20
2567,5,0,20
2568,5,0,20
2569,5,0,20
2570,5,0,20
2571,5,0,20
2572,5,0,20
2573,5,0,20
2574,5,0,20
2575,5,0,20
2576,5,0,20
2577,5,0,20
2578,5,0,20
2579,5,0,20
2580,5,0,20
2581,5,0,20
2582,5,0,20
2583,5,0,20
2584,5,0,20
2585,5,0,20
2586,5,0,20
2587,5,0,20
2588,5,0,20
2589,5,0,20
2590,5,0,20
2591,5,0,20
2592,5,0,20
2593,5,0,20
2594,5,0,20
2595,5,0,20
2596,5,0,20
2597,5,0,20
2598,5,0,20
2599,5,0,20
2600,5,0,20
2601,5,0,20
2602,5,0,20
2603,5,0,20
2604,5,0,20
2605,5,0,20
2606,5,0,20
2607,5,0,20
2608,5,0,20
2609,5,0,20
2610,5,0,20
2611,5,0,20
2612,5,0,20
2613,5,0,20
2614,5,0,20
2615,5,0,20
2616,5,0,20
2617,5,0,20
2618,5,0,20
2619,5,0,20
2620,5,0,20
2621,5,0,20
2622,5,0,20
2623,5,0,20
2624,5,0,20
2625,5,0,20
2626,5,0,20
2627,5,0,20
2628,5,0,20
2629,5,0,20
2630,5,0,20
2631,5,0,20
